{
  "fio version" : "fio-3.16",
  "timestamp" : 1626710001,
  "timestamp_ms" : 1626710001088,
  "time" : "Mon Jul 19 08:53:21 2021",
  "global options" : {
    "filename" : "/mnt/tmp/volume.img",
    "size" : "10g"
  },
  "jobs" : [
    {
      "jobname" : "read-write-mix-iops-cpu-bound",
      "groupid" : 0,
      "error" : 0,
      "eta" : 0,
      "elapsed" : 26,
      "job options" : {
        "rw" : "randrw",
        "rwmixread" : "50",
        "bs" : "512",
        "iodepth" : "256",
        "stonewall" : "1",
        "randrepeat" : "0",
        "verify" : "0",
        "ioengine" : "libaio",
        "direct" : "1",
        "time_based" : "1",
        "ramp_time" : "5s",
        "runtime" : "20s"
      },
      "read" : {
        "io_bytes" : 97926144,
        "io_kbytes" : 95631,
        "bw_bytes" : 4896062,
        "bw" : 4781,
        "iops" : 9555.822209,
        "runtime" : 20001,
        "total_ios" : 191126,
        "short_ios" : 0,
        "drop_ios" : 0,
        "slat_ns" : {
          "min" : 3168,
          "max" : 40395,
          "mean" : 4032.050318,
          "stddev" : 841.711118
        },
        "clat_ns" : {
          "min" : 155778,
          "max" : 30830983,
          "mean" : 13391532.277317,
          "stddev" : 1813274.652566,
          "percentile" : {
            "1.000000" : 10944512,
            "5.000000" : 11468800,
            "10.000000" : 11862016,
            "20.000000" : 12255232,
            "30.000000" : 12517376,
            "40.000000" : 12779520,
            "50.000000" : 13041664,
            "60.000000" : 13303808,
            "70.000000" : 13697024,
            "80.000000" : 14090240,
            "90.000000" : 15007744,
            "95.000000" : 16711680,
            "99.000000" : 20316160,
            "99.500000" : 23199744,
            "99.900000" : 28442624,
            "99.950000" : 30015488,
            "99.990000" : 30801920
          }
        },
        "lat_ns" : {
          "min" : 160283,
          "max" : 30835414,
          "mean" : 13395663.951093,
          "stddev" : 1813280.701708
        },
        "bw_min" : 4497,
        "bw_max" : 5036,
        "bw_agg" : 99.961386,
        "bw_mean" : 4779.153846,
        "bw_dev" : 121.753966,
        "bw_samples" : 39,
        "iops_min" : 8994,
        "iops_max" : 10072,
        "iops_mean" : 9558.333333,
        "iops_stddev" : 243.462559,
        "iops_samples" : 39
      },
      "write" : {
        "io_bytes" : 97653760,
        "io_kbytes" : 95365,
        "bw_bytes" : 4882443,
        "bw" : 4768,
        "iops" : 9530.023499,
        "runtime" : 20001,
        "total_ios" : 190610,
        "short_ios" : 0,
        "drop_ios" : 0,
        "slat_ns" : {
          "min" : 23192,
          "max" : 14524830,
          "mean" : 97765.875962,
          "stddev" : 166113.579802
        },
        "clat_ns" : {
          "min" : 2927,
          "max" : 30746306,
          "mean" : 13320632.682603,
          "stddev" : 1806890.581215,
          "percentile" : {
            "1.000000" : 10944512,
            "5.000000" : 11468800,
            "10.000000" : 11730944,
            "20.000000" : 12124160,
            "30.000000" : 12386304,
            "40.000000" : 12779520,
            "50.000000" : 13041664,
            "60.000000" : 13303808,
            "70.000000" : 13565952,
            "80.000000" : 14090240,
            "90.000000" : 14876672,
            "95.000000" : 16580608,
            "99.000000" : 20054016,
            "99.500000" : 23199744,
            "99.900000" : 28180480,
            "99.950000" : 29491200,
            "99.990000" : 30539776
          }
        },
        "lat_ns" : {
          "min" : 31879,
          "max" : 30869658,
          "mean" : 13418534.645436,
          "stddev" : 1814374.927521
        },
        "bw_min" : 4488,
        "bw_max" : 4982,
        "bw_agg" : 99.902663,
        "bw_mean" : 4763.358974,
        "bw_dev" : 100.636785,
        "bw_samples" : 39,
        "iops_min" : 8976,
        "iops_max" : 9964,
        "iops_mean" : 9526.743590,
        "iops_stddev" : 201.224635,
        "iops_samples" : 39
      },
      "trim" : {
        "io_bytes" : 0,
        "io_kbytes" : 0,
        "bw_bytes" : 0,
        "bw" : 0,
        "iops" : 0.000000,
        "runtime" : 0,
        "total_ios" : 0,
        "short_ios" : 0,
        "drop_ios" : 0,
        "slat_ns" : {
          "min" : 0,
          "max" : 0,
          "mean" : 0.000000,
          "stddev" : 0.000000
        },
        "clat_ns" : {
          "min" : 0,
          "max" : 0,
          "mean" : 0.000000,
          "stddev" : 0.000000,
          "percentile" : {
            "1.000000" : 0,
            "5.000000" : 0,
            "10.000000" : 0,
            "20.000000" : 0,
            "30.000000" : 0,
            "40.000000" : 0,
            "50.000000" : 0,
            "60.000000" : 0,
            "70.000000" : 0,
            "80.000000" : 0,
            "90.000000" : 0,
            "95.000000" : 0,
            "99.000000" : 0,
            "99.500000" : 0,
            "99.900000" : 0,
            "99.950000" : 0,
            "99.990000" : 0
          }
        },
        "lat_ns" : {
          "min" : 0,
          "max" : 0,
          "mean" : 0.000000,
          "stddev" : 0.000000
        },
        "bw_min" : 0,
        "bw_max" : 0,
        "bw_agg" : 0.000000,
        "bw_mean" : 0.000000,
        "bw_dev" : 0.000000,
        "bw_samples" : 0,
        "iops_min" : 0,
        "iops_max" : 0,
        "iops_mean" : 0.000000,
        "iops_stddev" : 0.000000,
        "iops_samples" : 0
      },
      "sync" : {
        "lat_ns" : {
          "min" : 0,
          "max" : 0,
          "mean" : 0.000000,
          "stddev" : 0.000000,
          "percentile" : {
            "1.000000" : 0,
            "5.000000" : 0,
            "10.000000" : 0,
            "20.000000" : 0,
            "30.000000" : 0,
            "40.000000" : 0,
            "50.000000" : 0,
            "60.000000" : 0,
            "70.000000" : 0,
            "80.000000" : 0,
            "90.000000" : 0,
            "95.000000" : 0,
            "99.000000" : 0,
            "99.500000" : 0,
            "99.900000" : 0,
            "99.950000" : 0,
            "99.990000" : 0
          }
        },
        "total_ios" : 0
      },
      "job_runtime" : 20000,
      "usr_cpu" : 4.095000,
      "sys_cpu" : 10.345000,
      "ctx" : 286187,
      "majf" : 0,
      "minf" : 15,
      "iodepth_level" : {
        "1" : 0.000000,
        "2" : 0.000000,
        "4" : 0.000000,
        "8" : 0.000000,
        "16" : 0.000000,
        "32" : 0.000000,
        ">=64" : 100.000000
      },
      "iodepth_submit" : {
        "0" : 0.000000,
        "4" : 100.000000,
        "8" : 0.000000,
        "16" : 0.000000,
        "32" : 0.000000,
        "64" : 0.000000,
        ">=64" : 0.000000
      },
      "iodepth_complete" : {
        "0" : 0.000000,
        "4" : 99.999738,
        "8" : 0.000000,
        "16" : 0.000000,
        "32" : 0.000000,
        "64" : 0.000000,
        ">=64" : 0.100000
      },
      "latency_ns" : {
        "2" : 0.000000,
        "4" : 0.000000,
        "10" : 0.000000,
        "20" : 0.000000,
        "50" : 0.000000,
        "100" : 0.000000,
        "250" : 0.000000,
        "500" : 0.000000,
        "750" : 0.000000,
        "1000" : 0.000000
      },
      "latency_us" : {
        "2" : 0.000000,
        "4" : 0.010000,
        "10" : 0.000000,
        "20" : 0.000000,
        "50" : 0.010000,
        "100" : 0.000000,
        "250" : 0.010000,
        "500" : 0.010000,
        "750" : 0.010000,
        "1000" : 0.010000
      },
      "latency_ms" : {
        "2" : 0.010000,
        "4" : 0.010000,
        "10" : 0.031173,
        "20" : 98.915219,
        "50" : 1.102333,
        "100" : 0.000000,
        "250" : 0.000000,
        "500" : 0.000000,
        "750" : 0.000000,
        "1000" : 0.000000,
        "2000" : 0.000000,