{
  "fio version" : "fio-3.16",
  "timestamp" : 1626709051,
  "timestamp_ms" : 1626709051601,
  "time" : "Mon Jul 19 08:37:31 2021",
  "global options" : {
    "filename" : "/mnt/tmp/volume.img",
    "size" : "10g"
  },
  "jobs" : [
    {
      "jobname" : "read-write-mix-iops-cpu-bound",
      "groupid" : 0,
      "error" : 0,
      "eta" : 0,
      "elapsed" : 26,
      "job options" : {
        "rw" : "randrw",
        "rwmixread" : "50",
        "bs" : "512",
        "iodepth" : "256",
        "stonewall" : "1",
        "randrepeat" : "0",
        "verify" : "0",
        "ioengine" : "libaio",
        "direct" : "1",
        "time_based" : "1",
        "ramp_time" : "5s",
        "runtime" : "20s"
      },
      "read" : {
        "io_bytes" : 478005760,
        "io_kbytes" : 466802,
        "bw_bytes" : 23899093,
        "bw" : 23338,
        "iops" : 46671.816409,
        "runtime" : 20001,
        "total_ios" : 933483,
        "short_ios" : 0,
        "drop_ios" : 0,
        "slat_ns" : {
          "min" : 2569,
          "max" : 16287104,
          "mean" : 9053.163390,
          "stddev" : 40982.496109
        },
        "clat_ns" : {
          "min" : 915865,
          "max" : 31351638,
          "mean" : 2694683.453676,
          "stddev" : 745217.905324,
          "percentile" : {
            "1.000000" : 2244608,
            "5.000000" : 2342912,
            "10.000000" : 2375680,
            "20.000000" : 2441216,
            "30.000000" : 2473984,
            "40.000000" : 2539520,
            "50.000000" : 2572288,
            "60.000000" : 2637824,
            "70.000000" : 2703360,
            "80.000000" : 2801664,
            "90.000000" : 3063808,
            "95.000000" : 3391488,
            "99.000000" : 4112384,
            "99.500000" : 5603328,
            "99.900000" : 8978432,
            "99.950000" : 21626880,
            "99.990000" : 30277632
          }
        },
        "lat_ns" : {
          "min" : 919193,
          "max" : 31354600,
          "mean" : 2703825.870505,
          "stddev" : 746425.703654
        },
        "bw_min" : 22094,
        "bw_max" : 23873,
        "bw_agg" : 99.979326,
        "bw_mean" : 23333.175000,
        "bw_dev" : 402.463305,
        "bw_samples" : 40,
        "iops_min" : 44188,
        "iops_max" : 47746,
        "iops_mean" : 46666.400000,
        "iops_stddev" : 804.960830,
        "iops_samples" : 40
      },
      "write" : {
        "io_bytes" : 479156736,
        "io_kbytes" : 467926,
        "bw_bytes" : 23956638,
        "bw" : 23395,
        "iops" : 46783.610819,
        "runtime" : 20001,
        "total_ios" : 935719,
        "short_ios" : 0,
        "drop_ios" : 0,
        "slat_ns" : {
          "min" : 3169,
          "max" : 13864665,
          "mean" : 9532.003267,
          "stddev" : 37086.550122
        },
        "clat_ns" : {
          "min" : 947313,
          "max" : 31541311,
          "mean" : 2763502.469663,
          "stddev" : 705551.835733,
          "percentile" : {
            "1.000000" : 2211840,
            "5.000000" : 2310144,
            "10.000000" : 2375680,
            "20.000000" : 2441216,
            "30.000000" : 2506752,
            "40.000000" : 2572288,
            "50.000000" : 2670592,
            "60.000000" : 2768896,
            "70.000000" : 2867200,
            "80.000000" : 3031040,
            "90.000000" : 3260416,
            "95.000000" : 3424256,
            "99.000000" : 3883008,
            "99.500000" : 4177920,
            "99.900000" : 5931008,
            "99.950000" : 21889024,
            "99.990000" : 30539776
          }
        },
        "lat_ns" : {
          "min" : 951034,
          "max" : 31545108,
          "mean" : 2773124.962399,
          "stddev" : 706765.761903
        },
        "bw_min" : 22118,
        "bw_max" : 23801,
        "bw_agg" : 99.977559,
        "bw_mean" : 23389.750000,
        "bw_dev" : 387.429712,
        "bw_samples" : 40,
        "iops_min" : 44236,
        "iops_max" : 47602,
        "iops_mean" : 46779.575000,
        "iops_stddev" : 774.909850,
        "iops_samples" : 40
      },
      "trim" : {
        "io_bytes" : 0,
        "io_kbytes" : 0,
        "bw_bytes" : 0,
        "bw" : 0,
        "iops" : 0.000000,
        "runtime" : 0,
        "total_ios" : 0,
        "short_ios" : 0,
        "drop_ios" : 0,
        "slat_ns" : {
          "min" : 0,
          "max" : 0,
          "mean" : 0.000000,
          "stddev" : 0.000000
        },
        "clat_ns" : {
          "min" : 0,
          "max" : 0,
          "mean" : 0.000000,
          "stddev" : 0.000000,
          "percentile" : {
            "1.000000" : 0,
            "5.000000" : 0,
            "10.000000" : 0,
            "20.000000" : 0,
            "30.000000" : 0,
            "40.000000" : 0,
            "50.000000" : 0,
            "60.000000" : 0,
            "70.000000" : 0,
            "80.000000" : 0,
            "90.000000" : 0,
            "95.000000" : 0,
            "99.000000" : 0,
            "99.500000" : 0,
            "99.900000" : 0,
            "99.950000" : 0,
            "99.990000" : 0
          }
        },
        "lat_ns" : {
          "min" : 0,
          "max" : 0,
          "mean" : 0.000000,
          "stddev" : 0.000000
        },
        "bw_min" : 0,
        "bw_max" : 0,
        "bw_agg" : 0.000000,
        "bw_mean" : 0.000000,
        "bw_dev" : 0.000000,
        "bw_samples" : 0,
        "iops_min" : 0,
        "iops_max" : 0,
        "iops_mean" : 0.000000,
        "iops_stddev" : 0.000000,
        "iops_samples" : 0
      },
      "sync" : {
        "lat_ns" : {
          "min" : 0,
          "max" : 0,
          "mean" : 0.000000,
          "stddev" : 0.000000,
          "percentile" : {
            "1.000000" : 0,
            "5.000000" : 0,
            "10.000000" : 0,
            "20.000000" : 0,
            "30.000000" : 0,
            "40.000000" : 0,
            "50.000000" : 0,
            "60.000000" : 0,
            "70.000000" : 0,
            "80.000000" : 0,
            "90.000000" : 0,
            "95.000000" : 0,
            "99.000000" : 0,
            "99.500000" : 0,
            "99.900000" : 0,
            "99.950000" : 0,
            "99.990000" : 0
          }
        },
        "total_ios" : 0
      },
      "job_runtime" : 20000,
      "usr_cpu" : 14.995000,
      "sys_cpu" : 40.800000,
      "ctx" : 99494,
      "majf" : 0,
      "minf" : 15,
      "iodepth_level" : {
        "1" : 0.000000,
        "2" : 0.000000,
        "4" : 0.000000,
        "8" : 0.000000,
        "16" : 0.000000,
        "32" : 0.000000,
        ">=64" : 100.000000
      },
      "iodepth_submit" : {
        "0" : 0.000000,
        "4" : 100.000000,
        "8" : 0.000000,
        "16" : 0.000000,
        "32" : 0.000000,
        "64" : 0.000000,
        ">=64" : 0.000000
      },
      "iodepth_complete" : {
        "0" : 0.000000,
        "4" : 99.999947,
        "8" : 0.000000,
        "16" : 0.000000,
        "32" : 0.000000,
        "64" : 0.000000,
        ">=64" : 0.100000
      },
      "latency_ns" : {
        "2" : 0.000000,
        "4" : 0.000000,
        "10" : 0.000000,
        "20" : 0.000000,
        "50" : 0.000000,
        "100" : 0.000000,
        "250" : 0.000000,
        "500" : 0.000000,
        "750" : 0.000000,
        "1000" : 0.000000
      },
      "latency_us" : {
        "2" : 0.000000,
        "4" : 0.000000,
        "10" : 0.000000,
        "20" : 0.000000,
        "50" : 0.000000,
        "100" : 0.000000,
        "250" : 0.000000,
        "500" : 0.000000,
        "750" : 0.000000,
        "1000" : 0.010000
      },
      "latency_ms" : {
        "2" : 0.020811,
        "4" : 99.066019,
        "10" : 0.839289,
        "20" : 0.019688,
        "50" : 0.066927,
        "100" : 0.000000,
        "250" : 0.000000,
        "500" : 0.000000,
        "750" : 0.000000,
        "1000" : 0.000000,
        "2000" : 0.000000,