{
  "fio version" : "fio-3.16",
  "timestamp" : 1626708283,
  "timestamp_ms" : 1626708283845,
  "time" : "Mon Jul 19 08:24:43 2021",
  "global options" : {
    "filename" : "/dev/sda6",
    "size" : "10g"
  },
  "jobs" : [
    {
      "jobname" : "read-write-mix-iops-cpu-bound",
      "groupid" : 0,
      "error" : 0,
      "eta" : 0,
      "elapsed" : 26,
      "job options" : {
        "rw" : "randrw",
        "rwmixread" : "50",
        "bs" : "512",
        "iodepth" : "256",
        "stonewall" : "1",
        "randrepeat" : "0",
        "verify" : "0",
        "ioengine" : "libaio",
        "direct" : "1",
        "time_based" : "1",
        "ramp_time" : "5s",
        "runtime" : "20s"
      },
      "read" : {
        "io_bytes" : 479310336,
        "io_kbytes" : 468076,
        "bw_bytes" : 23963120,
        "bw" : 23401,
        "iops" : 46796.470353,
        "runtime" : 20002,
        "total_ios" : 936023,
        "short_ios" : 0,
        "drop_ios" : 0,
        "slat_ns" : {
          "min" : 2001,
          "max" : 12957301,
          "mean" : 9291.339884,
          "stddev" : 32910.469094
        },
        "clat_ns" : {
          "min" : 1401939,
          "max" : 22840076,
          "mean" : 2681056.219073,
          "stddev" : 534937.586130,
          "percentile" : {
            "1.000000" : 2244608,
            "5.000000" : 2310144,
            "10.000000" : 2375680,
            "20.000000" : 2441216,
            "30.000000" : 2473984,
            "40.000000" : 2539520,
            "50.000000" : 2572288,
            "60.000000" : 2637824,
            "70.000000" : 2703360,
            "80.000000" : 2801664,
            "90.000000" : 3063808,
            "95.000000" : 3391488,
            "99.000000" : 4112384,
            "99.500000" : 5406720,
            "99.900000" : 8454144,
            "99.950000" : 8847360,
            "99.990000" : 21102592
          }
        },
        "lat_ns" : {
          "min" : 1554502,
          "max" : 22842440,
          "mean" : 2690436.687590,
          "stddev" : 535554.421697
        },
        "bw_min" : 22461,
        "bw_max" : 23696,
        "bw_agg" : 99.988035,
        "bw_mean" : 23398.200000,
        "bw_dev" : 252.866054,
        "bw_samples" : 40,
        "iops_min" : 44922,
        "iops_max" : 47392,
        "iops_mean" : 46796.400000,
        "iops_stddev" : 505.726986,
        "iops_samples" : 40
      },
      "write" : {
        "io_bytes" : 480598016,
        "io_kbytes" : 469334,
        "bw_bytes" : 24027498,
        "bw" : 23464,
        "iops" : 46922.407759,
        "runtime" : 20002,
        "total_ios" : 938542,
        "short_ios" : 0,
        "drop_ios" : 0,
        "slat_ns" : {
          "min" : 2026,
          "max" : 12082424,
          "mean" : 9351.222042,
          "stddev" : 32805.062713
        },
        "clat_ns" : {
          "min" : 1559587,
          "max" : 22276396,
          "mean" : 2761599.207254,
          "stddev" : 501487.734996,
          "percentile" : {
            "1.000000" : 2211840,
            "5.000000" : 2310144,
            "10.000000" : 2342912,
            "20.000000" : 2441216,
            "30.000000" : 2506752,
            "40.000000" : 2572288,
            "50.000000" : 2670592,
            "60.000000" : 2768896,
            "70.000000" : 2899968,
            "80.000000" : 3063808,
            "90.000000" : 3293184,
            "95.000000" : 3489792,
            "99.000000" : 3981312,
            "99.500000" : 4292608,
            "99.900000" : 5406720,
            "99.950000" : 7503872,
            "99.990000" : 21364736
          }
        },
        "lat_ns" : {
          "min" : 1562076,
          "max" : 22280789,
          "mean" : 2771039.402623,
          "stddev" : 502367.251843
        },
        "bw_min" : 22805,
        "bw_max" : 23789,
        "bw_agg" : 99.987960,
        "bw_mean" : 23461.175000,
        "bw_dev" : 219.446961,
        "bw_samples" : 40,
        "iops_min" : 45610,
        "iops_max" : 47578,
        "iops_mean" : 46922.375000,
        "iops_stddev" : 438.841697,
        "iops_samples" : 40
      },
      "trim" : {
        "io_bytes" : 0,
        "io_kbytes" : 0,
        "bw_bytes" : 0,
        "bw" : 0,
        "iops" : 0.000000,
        "runtime" : 0,
        "total_ios" : 0,
        "short_ios" : 0,
        "drop_ios" : 0,
        "slat_ns" : {
          "min" : 0,
          "max" : 0,
          "mean" : 0.000000,
          "stddev" : 0.000000
        },
        "clat_ns" : {
          "min" : 0,
          "max" : 0,
          "mean" : 0.000000,
          "stddev" : 0.000000,
          "percentile" : {
            "1.000000" : 0,
            "5.000000" : 0,
            "10.000000" : 0,
            "20.000000" : 0,
            "30.000000" : 0,
            "40.000000" : 0,
            "50.000000" : 0,
            "60.000000" : 0,
            "70.000000" : 0,
            "80.000000" : 0,
            "90.000000" : 0,
            "95.000000" : 0,
            "99.000000" : 0,
            "99.500000" : 0,
            "99.900000" : 0,
            "99.950000" : 0,
            "99.990000" : 0
          }
        },
        "lat_ns" : {
          "min" : 0,
          "max" : 0,
          "mean" : 0.000000,
          "stddev" : 0.000000
        },
        "bw_min" : 0,
        "bw_max" : 0,
        "bw_agg" : 0.000000,
        "bw_mean" : 0.000000,
        "bw_dev" : 0.000000,
        "bw_samples" : 0,
        "iops_min" : 0,
        "iops_max" : 0,
        "iops_mean" : 0.000000,
        "iops_stddev" : 0.000000,
        "iops_samples" : 0
      },
      "sync" : {
        "lat_ns" : {
          "min" : 0,
          "max" : 0,
          "mean" : 0.000000,
          "stddev" : 0.000000,
          "percentile" : {
            "1.000000" : 0,
            "5.000000" : 0,
            "10.000000" : 0,
            "20.000000" : 0,
            "30.000000" : 0,
            "40.000000" : 0,
            "50.000000" : 0,
            "60.000000" : 0,
            "70.000000" : 0,
            "80.000000" : 0,
            "90.000000" : 0,
            "95.000000" : 0,
            "99.000000" : 0,
            "99.500000" : 0,
            "99.900000" : 0,
            "99.950000" : 0,
            "99.990000" : 0
          }
        },
        "total_ios" : 0
      },
      "job_runtime" : 20001,
      "usr_cpu" : 14.269287,
      "sys_cpu" : 31.518424,
      "ctx" : 120067,
      "majf" : 0,
      "minf" : 15,
      "iodepth_level" : {
        "1" : 0.000000,
        "2" : 0.000000,
        "4" : 0.000000,
        "8" : 0.000000,
        "16" : 0.000000,
        "32" : 0.000000,
        ">=64" : 100.000000
      },
      "iodepth_submit" : {
        "0" : 0.000000,
        "4" : 100.000000,
        "8" : 0.000000,
        "16" : 0.000000,
        "32" : 0.000000,
        "64" : 0.000000,
        ">=64" : 0.000000
      },
      "iodepth_complete" : {
        "0" : 0.000000,
        "4" : 99.999947,
        "8" : 0.000000,
        "16" : 0.000000,
        "32" : 0.000000,
        "64" : 0.000000,
        ">=64" : 0.100000
      },
      "latency_ns" : {
        "2" : 0.000000,
        "4" : 0.000000,
        "10" : 0.000000,
        "20" : 0.000000,
        "50" : 0.000000,
        "100" : 0.000000,
        "250" : 0.000000,
        "500" : 0.000000,
        "750" : 0.000000,
        "1000" : 0.000000
      },
      "latency_us" : {
        "2" : 0.000000,
        "4" : 0.000000,
        "10" : 0.000000,
        "20" : 0.000000,
        "50" : 0.000000,
        "100" : 0.000000,
        "250" : 0.000000,
        "500" : 0.000000,
        "750" : 0.000000,
        "1000" : 0.000000
      },
      "latency_ms" : {
        "2" : 0.010000,
        "4" : 98.972775,
        "10" : 1.002793,
        "20" : 0.010000,
        "50" : 0.022138,
        "100" : 0.000000,
        "250" : 0.000000,
        "500" : 0.000000,
        "750" : 0.000000,
        "1000" : 0.000000,
        "2000" : 0.000000,
        ">=2000" : 0.000000
      },